round,accuracy,precision,recall,F1score
1,0.687753446878,0.0,0.0,0.0
2,0.687753446878,0.0,0.0,0.0
3,0.687753446878,0.0,0.0,0.0
4,0.687753446878,0.0,0.0,0.0
5,0.687753446878,0.0,0.0,0.0
6,0.687753446878,0.0,0.0,0.0
